-- phpMyAdmin SQL Dump
-- version 5.2.1
-- https://www.phpmyadmin.net/
--
-- Host: localhost:3306
-- Generation Time: Aug 23, 2023 at 12:36 AM
-- Server version: 10.5.21-MariaDB-cll-lve
-- PHP Version: 8.1.16

SET SQL_MODE = "NO_AUTO_VALUE_ON_ZERO";
START TRANSACTION;
SET time_zone = "+00:00";


/*!40101 SET @OLD_CHARACTER_SET_CLIENT=@@CHARACTER_SET_CLIENT */;
/*!40101 SET @OLD_CHARACTER_SET_RESULTS=@@CHARACTER_SET_RESULTS */;
/*!40101 SET @OLD_COLLATION_CONNECTION=@@COLLATION_CONNECTION */;
/*!40101 SET NAMES utf8mb4 */;

--
-- Database: `xapk3217_db_guru_sma`
--

-- --------------------------------------------------------

--
-- Table structure for table `guru`
--

CREATE TABLE `guru` (
  `id` bigint(20) UNSIGNED NOT NULL,
  `nip` varchar(191) NOT NULL,
  `nama_guru` varchar(191) NOT NULL,
  `jenis_kelamin` enum('Laki-laki','Perempuan') NOT NULL,
  `no_telp` varchar(191) NOT NULL,
  `foto` varchar(191) DEFAULT NULL,
  `created_at` timestamp NULL DEFAULT NULL,
  `updated_at` timestamp NULL DEFAULT NULL
) ENGINE=MyISAM DEFAULT CHARSET=utf8mb4 COLLATE=utf8mb4_unicode_ci;

--
-- Dumping data for table `guru`
--

INSERT INTO `guru` (`id`, `nip`, `nama_guru`, `jenis_kelamin`, `no_telp`, `foto`, `created_at`, `updated_at`) VALUES
(48, '2272001120001440', 'Irman Samsi, S.Pd', 'Laki-laki', '85989829890', '', '0000-00-00 00:00:00', '0000-00-00 00:00:00'),
(47, '2272001120002080', 'Ifan Abdillah Shafar, S.Pd', 'Laki-laki', '85826688881', '', '0000-00-00 00:00:00', '0000-00-00 00:00:00'),
(46, '2272001110000880', 'I K Agus, S.Pd', 'Laki-laki', '85663547872', '', '0000-00-00 00:00:00', '0000-00-00 00:00:00'),
(45, '2272001110000780', 'I Gede Ardanti Kusuma, S.Pd', 'Laki-laki', '85500406863', '', '0000-00-00 00:00:00', '0000-00-00 00:00:00'),
(44, '2272001120001890', 'Hermanto, S.Pd', 'Laki-laki', '85337265854', '', '0000-00-00 00:00:00', '0000-00-00 00:00:00'),
(43, '2272001120001690', 'Hastin, S.Pd', 'Perempuan', '85174124845', '', '0000-00-00 00:00:00', '0000-00-00 00:00:00'),
(42, '2272001120001450', 'Hasmirah, S.Pd', 'Perempuan', '85010983836', '', '0000-00-00 00:00:00', '0000-00-00 00:00:00'),
(41, '2272001120000760', 'Hartarti Uminah, S.Pd', 'Perempuan', '85847842827', '', '0000-00-00 00:00:00', '0000-00-00 00:00:00'),
(40, '2272001120001840', 'Firdaus, S.Pd', 'Laki-laki', '85684701818', '', '0000-00-00 00:00:00', '0000-00-00 00:00:00'),
(39, '2272001120001420', 'Endang Susilawati, S.Pd', 'Perempuan', '82521560809', '', '0000-00-00 00:00:00', '0000-00-00 00:00:00'),
(38, '2272001110000750', 'Elva Tameo, S.Pd', 'Perempuan', '82358419800', '', '0000-00-00 00:00:00', '0000-00-00 00:00:00'),
(37, '2272001110000880', 'Elsa D, S.Pd', 'Perempuan', '82195278791', '', '0000-00-00 00:00:00', '0000-00-00 00:00:00'),
(36, '2272001120002050', 'Dian Safithrie, S.Pd', 'Perempuan', '82032137782', '', '0000-00-00 00:00:00', '0000-00-00 00:00:00'),
(35, '2272001110000820', 'Dewi Wahyuni, S.Pd', 'Perempuan', '82868996773', '', '0000-00-00 00:00:00', '0000-00-00 00:00:00'),
(34, '2272001120002120', 'Cici Putryani, S.Pd', 'Perempuan', '82705855764', '', '0000-00-00 00:00:00', '0000-00-00 00:00:00'),
(33, '2272001120002210', 'Asma A., S.Pd', 'Perempuan', '82542714755', '', '0000-00-00 00:00:00', '0000-00-00 00:00:00'),
(32, '2272001120001690', 'Asdar, S.Pd', 'Laki-laki', '82379573746', '', '0000-00-00 00:00:00', '0000-00-00 00:00:00'),
(31, '2272001120001430', 'Arfia, S.Pd', 'Laki-laki', '82216432737', '', '0000-00-00 00:00:00', '0000-00-00 00:00:00'),
(30, '2272001120001460', 'Alvianita A., S.Pd', 'Perempuan', '82594837372', '', '0000-00-00 00:00:00', '0000-00-00 00:00:00'),
(49, '2272001120001630', 'Kamaluddin, S.Pd', 'Laki-laki', '85152970899', '', '0000-00-00 00:00:00', '0000-00-00 00:00:00'),
(50, '2272001110000670', 'Kasma, S.Pd', 'Perempuan', '85316111908', '', '0000-00-00 00:00:00', '0000-00-00 00:00:00'),
(51, '2272001120001600', 'Muhammad Habibullah, S.Pd', 'Laki-laki', '85479252917', '', '0000-00-00 00:00:00', '0000-00-00 00:00:00'),
(52, '2272001110000890', 'M Irwansyah, S.Pd', 'Laki-laki', '85642393926', '', '0000-00-00 00:00:00', '0000-00-00 00:00:00'),
(53, '2272001120001880', 'Mujiati, S.Pd', 'Perempuan', '85805534935', '', '0000-00-00 00:00:00', '0000-00-00 00:00:00'),
(54, '2272001120002090', 'Ni Kadek Sudiarti, S.Pd', 'Perempuan', '85968675944', '', '0000-00-00 00:00:00', '0000-00-00 00:00:00'),
(55, '2272001110000900', 'Ni Wayan Apriani Susilawati, S.Pd', 'Perempuan', '89131816953', '', '0000-00-00 00:00:00', '0000-00-00 00:00:00'),
(56, '2272001120001880', 'Nurhidaya, S.Pd', 'Perempuan', '89294957962', '', '0000-00-00 00:00:00', '0000-00-00 00:00:00'),
(57, '2272001120001680', 'Rina, S.Pd', 'Perempuan', '89458098971', '', '0000-00-00 00:00:00', '0000-00-00 00:00:00'),
(61, '233333', '323', 'Laki-laki', '323', '-', '2023-08-13 15:02:47', '2023-08-13 15:02:53');

-- --------------------------------------------------------

--
-- Table structure for table `kriteria`
--

CREATE TABLE `kriteria` (
  `id` bigint(20) UNSIGNED NOT NULL,
  `kode` varchar(191) NOT NULL,
  `nama_kriteria` varchar(191) NOT NULL,
  `pertanyaan` varchar(191) NOT NULL,
  `created_at` timestamp NULL DEFAULT NULL,
  `updated_at` timestamp NULL DEFAULT NULL
) ENGINE=MyISAM DEFAULT CHARSET=utf8mb4 COLLATE=utf8mb4_unicode_ci;

--
-- Dumping data for table `kriteria`
--

INSERT INTO `kriteria` (`id`, `kode`, `nama_kriteria`, `pertanyaan`, `created_at`, `updated_at`) VALUES
(19, 'K1', 'Kompetensi Pedagodik (K1)', 'Memanfaatkan hasil penilaian dan evaluasi untuk kepentingan pembelajaran', '2023-08-08 22:04:01', '0000-00-00 00:00:00'),
(18, 'K1', 'Kompetensi Pedagodik (K1)', 'Menyelenggarakan penilaian dan evaluasi proses dan hasil belajar', '2023-08-08 22:04:01', '0000-00-00 00:00:00'),
(17, 'K1', 'Kompetensi Pedagodik (K1)', 'Berkomunikasi secara efektif, empatik, dan santun dengan peserta didik', '2023-08-08 22:04:01', '0000-00-00 00:00:00'),
(16, 'K1', 'Kompetensi Pedagodik (K1)', 'Memfasilitasi pengembangan potensi peserta didik untuk mengaktualisasikan berbagai potensi yang dimiliki', '2023-08-08 22:04:01', '0000-00-00 00:00:00'),
(15, 'K1', 'Kompetensi Pedagodik (K1)', 'Memanfaatkan teknologi informasi dan komunikasi untuk kepentingan pembelajaran', '2023-08-08 22:04:01', '0000-00-00 00:00:00'),
(14, 'K1', 'Kompetensi Pedagodik (K1)', 'Menyelenggarakan pembelajaran yang mendidik', '2023-08-08 22:04:01', '0000-00-00 00:00:00'),
(13, 'K1', 'Kompetensi Pedagodik (K1)', 'Mengembangkan kurikulum yang terkait dengan mata pelajaran/bidang pengembangan yang diampu', '2023-08-08 22:04:01', '0000-00-00 00:00:00'),
(12, 'K1', 'Kompetensi Pedagodik (K1)', 'Menguasai teori belajar dan prinsip-prinsip pembelajaran yang mendidik', '2023-08-08 22:04:01', '0000-00-00 00:00:00'),
(11, 'K1', 'Kompetensi Pedagodik (K1)', 'Menguasai karakteristik peserta didik dari aspek fisik, moral, sosial, kultural, emosional, dan intelektual', '2023-08-08 22:04:01', '0000-00-00 00:00:00'),
(20, 'K1', 'Kompetensi Pedagodik (K1)', 'Melakukan tindakan reflektif untuk peningkatan kualitas pembelajaran', '2023-08-08 22:04:01', '0000-00-00 00:00:00'),
(21, 'K2', 'Kompetensi Kepribadian (K2)', 'Bertindak sesuai dengan norma agama, hukum, sosial, dan kebudayaan nasional Indonesia', '2023-08-08 22:04:01', '0000-00-00 00:00:00'),
(22, 'K2', 'Kompetensi Kepribadian (K2)', 'Menampilkan diri sebagai pribadi yang jujur, berakhlak mulia, dan teladan bagi peserta didik dan masyarakat', '2023-08-08 22:04:01', '0000-00-00 00:00:00'),
(23, 'K2', 'Kompetensi Kepribadian (K2)', 'Menampilkan diri sebagai pribadi yang mantap, stabil, dewasa, arif, dan berwibawa', '2023-08-08 22:04:01', '0000-00-00 00:00:00'),
(24, 'K2', 'Kompetensi Kepribadian (K2)', 'Menunjukkan etos kerja, tanggung jawab yang tinggi, rasa bangga menjadi guru, dan rasa percaya diri', '2023-08-08 22:04:01', '0000-00-00 00:00:00'),
(25, 'K2', 'Kompetensi Kepribadian (K2)', 'Menjunjung tinggi kode etik profesi guru', '2023-08-08 22:04:01', '0000-00-00 00:00:00'),
(26, 'K3', 'Kompetensi Sosial (K3)', 'Bersikap inklusif, bertindak objektif, serta tidak diskriminatif karena pertimbangan jenis kelamin, agama, ras, kondisi fisik, latar belakang keluarga, dan status sosial ekonomi', '2023-08-08 22:04:01', '0000-00-00 00:00:00'),
(27, 'K3', 'Kompetensi Sosial (K3)', 'Berkomunikasi secara efektif, empatik, dan santun dengan sesama pendidik, tenaga kependidikan, orang tua, dan masyarakat', '2023-08-08 22:04:01', '0000-00-00 00:00:00'),
(28, 'K3', 'Kompetensi Sosial (K3)', 'Beradaptasi di tempat bertugas di seluruh wilayah Republik Indonesia yang memiliki keragaman sosial budaya', '2023-08-08 22:04:01', '0000-00-00 00:00:00'),
(29, 'K3', 'Kompetensi Sosial (K3)', 'Berkomunikasi dengan komunitas profesi sendiri dan profesi lain secara lisan dan tulisan atau bentuk lain', '2023-08-08 22:04:01', '0000-00-00 00:00:00'),
(30, 'K4', 'Kompetensi Profesional (K4)', 'Menguasai materi, struktur, konsep, dan pola pikir keilmuan yang mendukung mata pelajaran yang diampu', '2023-08-08 22:04:01', '0000-00-00 00:00:00'),
(31, 'K4', 'Kompetensi Profesional (K4)', 'Menguasai standar kompetensi dan kompetensi dasar mata pelajaran/bidang pengembangan yang diampu', '2023-08-08 22:04:01', '0000-00-00 00:00:00'),
(32, 'K4', 'Kompetensi Profesional (K4)', 'Mengembangkan materi pembelajaran yang diampu secara kreatif', '2023-08-08 22:04:01', '0000-00-00 00:00:00'),
(33, 'K4', 'Kompetensi Profesional (K4)', 'Mengembangkan keprofesionalan secara berkelanjutan dengan melakukan tindakan reflektif', '2023-08-08 22:04:01', '0000-00-00 00:00:00'),
(34, 'K4', 'Kompetensi Profesional (K4)', 'Memanfaatkan teknologi informasi dan komunikasi untuk berkomunikasi dan mengembangkan diri', '2023-08-08 22:04:01', '0000-00-00 00:00:00'),
(35, 'K5', 'Absen', 'Kehadiran', '2023-08-13 01:06:35', NULL);

-- --------------------------------------------------------

--
-- Table structure for table `migrations`
--

CREATE TABLE `migrations` (
  `id` int(10) UNSIGNED NOT NULL,
  `migration` varchar(191) NOT NULL,
  `batch` int(11) NOT NULL
) ENGINE=MyISAM DEFAULT CHARSET=utf8mb4 COLLATE=utf8mb4_unicode_ci;

--
-- Dumping data for table `migrations`
--

INSERT INTO `migrations` (`id`, `migration`, `batch`) VALUES
(1, '2014_10_12_000000_create_users_table', 1),
(2, '2019_12_14_000001_create_personal_access_tokens_table', 1),
(3, '2023_08_05_200541_kriteria', 1),
(4, '2023_08_05_200553_guru', 1),
(5, '2023_08_05_211950_responden', 1);

-- --------------------------------------------------------

--
-- Table structure for table `personal_access_tokens`
--

CREATE TABLE `personal_access_tokens` (
  `id` bigint(20) UNSIGNED NOT NULL,
  `tokenable_type` varchar(191) NOT NULL,
  `tokenable_id` bigint(20) UNSIGNED NOT NULL,
  `name` varchar(191) NOT NULL,
  `token` varchar(64) NOT NULL,
  `abilities` text DEFAULT NULL,
  `last_used_at` timestamp NULL DEFAULT NULL,
  `expires_at` timestamp NULL DEFAULT NULL,
  `created_at` timestamp NULL DEFAULT NULL,
  `updated_at` timestamp NULL DEFAULT NULL
) ENGINE=MyISAM DEFAULT CHARSET=utf8mb4 COLLATE=utf8mb4_unicode_ci;

-- --------------------------------------------------------

--
-- Table structure for table `responden`
--

CREATE TABLE `responden` (
  `id` bigint(20) UNSIGNED NOT NULL,
  `guru_id` varchar(191) NOT NULL,
  `kriteria_id` varchar(191) NOT NULL,
  `bobot` varchar(191) NOT NULL,
  `created_at` timestamp NULL DEFAULT NULL,
  `updated_at` timestamp NULL DEFAULT NULL
) ENGINE=MyISAM DEFAULT CHARSET=utf8mb4 COLLATE=utf8mb4_unicode_ci;

--
-- Dumping data for table `responden`
--

INSERT INTO `responden` (`id`, `guru_id`, `kriteria_id`, `bobot`, `created_at`, `updated_at`) VALUES
(37, '48', '15', '4', NULL, NULL),
(36, '48', '16', '4', NULL, NULL),
(35, '48', '17', '5', NULL, NULL),
(34, '48', '18', '5', NULL, NULL),
(33, '48', '19', '5', NULL, NULL),
(38, '48', '14', '4', NULL, NULL),
(39, '48', '13', '4', NULL, NULL),
(40, '48', '12', '4', NULL, NULL),
(41, '48', '11', '4', NULL, NULL),
(42, '48', '20', '4', NULL, NULL),
(43, '48', '21', '4', NULL, NULL),
(44, '48', '22', '4', NULL, NULL),
(45, '48', '23', '4', NULL, NULL),
(46, '48', '24', '4', NULL, NULL),
(47, '48', '25', '4', NULL, NULL),
(48, '48', '26', '4', NULL, NULL),
(49, '48', '27', '4', NULL, NULL),
(50, '48', '28', '3', NULL, NULL),
(51, '48', '29', '3', NULL, NULL),
(52, '48', '30', '2', NULL, NULL),
(53, '48', '31', '3', NULL, NULL),
(54, '48', '32', '4', NULL, NULL),
(55, '48', '33', '5', NULL, NULL),
(56, '48', '34', '5', NULL, NULL),
(57, '48', '19', '3', NULL, NULL),
(58, '48', '18', '4', NULL, NULL),
(59, '48', '17', '4', NULL, NULL),
(60, '48', '16', '4', NULL, NULL),
(61, '48', '15', '3', NULL, NULL),
(62, '48', '14', '3', NULL, NULL),
(63, '48', '13', '4', NULL, NULL),
(64, '48', '12', '3', NULL, NULL),
(65, '48', '11', '4', NULL, NULL),
(66, '48', '20', '3', NULL, NULL),
(67, '48', '21', '3', NULL, NULL),
(68, '48', '22', '4', NULL, NULL),
(69, '48', '23', '4', NULL, NULL),
(70, '48', '24', '4', NULL, NULL),
(71, '48', '25', '3', NULL, NULL),
(72, '48', '26', '4', NULL, NULL),
(73, '48', '27', '3', NULL, NULL),
(74, '48', '28', '3', NULL, NULL),
(75, '48', '29', '4', NULL, NULL),
(76, '48', '30', '4', NULL, NULL),
(77, '48', '31', '4', NULL, NULL),
(78, '48', '32', '3', NULL, NULL),
(79, '48', '33', '3', NULL, NULL),
(80, '48', '34', '4', NULL, NULL),
(81, '47', '19', '3', NULL, NULL),
(82, '47', '18', '4', NULL, NULL),
(83, '47', '17', '3', NULL, NULL),
(84, '47', '16', '3', NULL, NULL),
(85, '47', '15', '3', NULL, NULL),
(86, '47', '14', '4', NULL, NULL),
(87, '47', '13', '4', NULL, NULL),
(88, '47', '12', '3', NULL, NULL),
(89, '47', '11', '3', NULL, NULL),
(90, '47', '20', '3', NULL, NULL),
(91, '47', '21', '4', NULL, NULL),
(92, '47', '22', '4', NULL, NULL),
(93, '47', '23', '4', NULL, NULL),
(94, '47', '24', '3', NULL, NULL),
(95, '47', '25', '4', NULL, NULL),
(96, '47', '26', '3', NULL, NULL),
(97, '47', '27', '3', NULL, NULL),
(98, '47', '28', '4', NULL, NULL),
(99, '47', '29', '3', NULL, NULL),
(100, '47', '30', '3', NULL, NULL),
(101, '47', '31', '3', NULL, NULL),
(102, '47', '32', '4', NULL, NULL),
(103, '47', '33', '3', NULL, NULL),
(104, '47', '34', '3', NULL, NULL),
(105, '46', '19', '4', NULL, NULL),
(106, '46', '18', '3', NULL, NULL),
(107, '46', '17', '4', NULL, NULL),
(108, '46', '16', '2', NULL, NULL),
(109, '46', '15', '3', NULL, NULL),
(110, '46', '14', '4', NULL, NULL),
(111, '46', '13', '3', NULL, NULL),
(112, '46', '12', '3', NULL, NULL),
(113, '46', '11', '4', NULL, NULL),
(114, '46', '20', '4', NULL, NULL),
(115, '46', '21', '3', NULL, NULL),
(116, '46', '22', '4', NULL, NULL),
(117, '46', '23', '3', NULL, NULL),
(118, '46', '24', '4', NULL, NULL),
(119, '46', '25', '3', NULL, NULL),
(120, '46', '26', '4', NULL, NULL),
(121, '46', '27', '3', NULL, NULL),
(122, '46', '28', '4', NULL, NULL),
(123, '46', '29', '3', NULL, NULL),
(124, '46', '30', '3', NULL, NULL),
(125, '46', '31', '4', NULL, NULL),
(126, '46', '32', '3', NULL, NULL),
(127, '46', '33', '3', NULL, NULL),
(128, '46', '34', '4', NULL, NULL),
(129, '48', '19', '5', NULL, NULL),
(130, '48', '18', '4', NULL, NULL),
(131, '48', '17', '5', NULL, NULL),
(132, '48', '16', '5', NULL, NULL),
(133, '48', '15', '5', NULL, NULL),
(134, '48', '14', '5', NULL, NULL),
(135, '48', '13', '5', NULL, NULL),
(136, '48', '12', '5', NULL, NULL),
(137, '48', '11', '5', NULL, NULL),
(138, '48', '20', '4', NULL, NULL),
(139, '48', '21', '4', NULL, NULL),
(140, '48', '22', '5', NULL, NULL),
(141, '48', '23', '5', NULL, NULL),
(142, '48', '24', '5', NULL, NULL),
(143, '48', '25', '5', NULL, NULL),
(144, '48', '26', '5', NULL, NULL),
(145, '48', '27', '5', NULL, NULL),
(146, '48', '28', '4', NULL, NULL),
(147, '48', '29', '5', NULL, NULL),
(148, '48', '30', '5', NULL, NULL),
(149, '48', '31', '4', NULL, NULL),
(150, '48', '32', '5', NULL, NULL),
(151, '48', '33', '5', NULL, NULL),
(152, '48', '34', '5', NULL, NULL),
(153, '43', '19', '5', NULL, NULL),
(154, '43', '18', '4', NULL, NULL),
(155, '43', '17', '4', NULL, NULL),
(156, '43', '16', '4', NULL, NULL),
(157, '43', '15', '4', NULL, NULL),
(158, '43', '14', '4', NULL, NULL),
(159, '43', '13', '4', NULL, NULL),
(160, '43', '12', '4', NULL, NULL),
(161, '43', '11', '4', NULL, NULL),
(162, '43', '20', '4', NULL, NULL),
(163, '43', '21', '4', NULL, NULL),
(164, '43', '22', '4', NULL, NULL),
(165, '43', '23', '4', NULL, NULL),
(166, '43', '24', '4', NULL, NULL),
(167, '43', '25', '4', NULL, NULL),
(168, '43', '26', '4', NULL, NULL),
(169, '43', '27', '4', NULL, NULL),
(170, '43', '28', '4', NULL, NULL),
(171, '43', '29', '4', NULL, NULL),
(172, '43', '30', '4', NULL, NULL),
(173, '43', '31', '4', NULL, NULL),
(174, '43', '32', '4', NULL, NULL),
(175, '43', '33', '4', NULL, NULL),
(176, '43', '34', '4', NULL, NULL),
(177, '34', '19', '4', NULL, NULL),
(178, '34', '18', '4', NULL, NULL),
(179, '34', '17', '3', NULL, NULL),
(180, '34', '16', '3', NULL, NULL),
(181, '34', '15', '3', NULL, NULL),
(182, '34', '14', '3', NULL, NULL),
(183, '34', '13', '4', NULL, NULL),
(184, '34', '12', '4', NULL, NULL),
(185, '34', '11', '4', NULL, NULL),
(186, '34', '20', '4', NULL, NULL),
(187, '34', '21', '4', NULL, NULL),
(188, '34', '22', '3', NULL, NULL),
(189, '34', '23', '3', NULL, NULL),
(190, '34', '24', '4', NULL, NULL),
(191, '34', '25', '3', NULL, NULL),
(192, '34', '26', '4', NULL, NULL),
(193, '34', '27', '3', NULL, NULL),
(194, '34', '28', '4', NULL, NULL),
(195, '34', '29', '4', NULL, NULL),
(196, '34', '30', '3', NULL, NULL),
(197, '34', '31', '4', NULL, NULL),
(198, '34', '32', '3', NULL, NULL),
(199, '34', '33', '3', NULL, NULL),
(200, '34', '34', '4', NULL, NULL),
(201, '35', '19', '4', NULL, NULL),
(202, '35', '18', '4', NULL, NULL),
(203, '35', '17', '3', NULL, NULL),
(204, '35', '16', '4', NULL, NULL),
(205, '35', '15', '4', NULL, NULL),
(206, '35', '14', '3', NULL, NULL),
(207, '35', '13', '4', NULL, NULL),
(208, '35', '12', '3', NULL, NULL),
(209, '35', '11', '3', NULL, NULL),
(210, '35', '20', '3', NULL, NULL),
(211, '35', '21', '3', NULL, NULL),
(212, '35', '22', '3', NULL, NULL),
(213, '35', '23', '4', NULL, NULL),
(214, '35', '24', '4', NULL, NULL),
(215, '35', '25', '3', NULL, NULL),
(216, '35', '26', '3', NULL, NULL),
(217, '35', '27', '3', NULL, NULL),
(218, '35', '28', '3', NULL, NULL),
(219, '35', '29', '4', NULL, NULL),
(220, '35', '30', '4', NULL, NULL),
(221, '35', '31', '3', NULL, NULL),
(222, '35', '32', '4', NULL, NULL),
(223, '35', '33', '4', NULL, NULL),
(224, '35', '34', '4', NULL, NULL),
(225, '36', '19', '4', NULL, NULL),
(226, '36', '18', '3', NULL, NULL),
(227, '36', '17', '4', NULL, NULL),
(228, '36', '16', '3', NULL, NULL),
(229, '36', '15', '4', NULL, NULL),
(230, '36', '14', '3', NULL, NULL),
(231, '36', '13', '3', NULL, NULL),
(232, '36', '12', '3', NULL, NULL),
(233, '36', '11', '3', NULL, NULL),
(234, '36', '20', '3', NULL, NULL),
(235, '36', '21', '4', NULL, NULL),
(236, '36', '22', '3', NULL, NULL),
(237, '36', '23', '4', NULL, NULL),
(238, '36', '24', '3', NULL, NULL),
(239, '36', '25', '3', NULL, NULL),
(240, '36', '26', '3', NULL, NULL),
(241, '36', '27', '3', NULL, NULL),
(242, '36', '28', '4', NULL, NULL),
(243, '36', '29', '3', NULL, NULL),
(244, '36', '30', '4', NULL, NULL),
(245, '36', '31', '3', NULL, NULL),
(246, '36', '32', '3', NULL, NULL),
(247, '36', '33', '3', NULL, NULL),
(248, '36', '34', '4', NULL, NULL),
(249, '37', '19', '3', NULL, NULL),
(250, '37', '18', '3', NULL, NULL),
(251, '37', '17', '3', NULL, NULL),
(252, '37', '16', '4', NULL, NULL),
(253, '37', '15', '4', NULL, NULL),
(254, '37', '14', '4', NULL, NULL),
(255, '37', '13', '3', NULL, NULL),
(256, '37', '12', '3', NULL, NULL),
(257, '37', '11', '4', NULL, NULL),
(258, '37', '20', '3', NULL, NULL),
(259, '37', '21', '4', NULL, NULL),
(260, '37', '22', '4', NULL, NULL),
(261, '37', '23', '4', NULL, NULL),
(262, '37', '24', '4', NULL, NULL),
(263, '37', '25', '3', NULL, NULL),
(264, '37', '26', '4', NULL, NULL),
(265, '37', '27', '4', NULL, NULL),
(266, '37', '28', '3', NULL, NULL),
(267, '37', '29', '3', NULL, NULL),
(268, '37', '30', '4', NULL, NULL),
(269, '37', '31', '4', NULL, NULL),
(270, '37', '32', '4', NULL, NULL),
(271, '37', '33', '3', NULL, NULL),
(272, '37', '34', '4', NULL, NULL),
(273, '38', '19', '3', NULL, NULL),
(274, '38', '18', '3', NULL, NULL),
(275, '38', '17', '3', NULL, NULL),
(276, '38', '16', '3', NULL, NULL),
(277, '38', '15', '4', NULL, NULL),
(278, '38', '14', '3', NULL, NULL),
(279, '38', '13', '3', NULL, NULL),
(280, '38', '12', '4', NULL, NULL),
(281, '38', '11', '4', NULL, NULL),
(282, '38', '20', '4', NULL, NULL),
(283, '38', '21', '4', NULL, NULL),
(284, '38', '22', '4', NULL, NULL),
(285, '38', '23', '4', NULL, NULL),
(286, '38', '24', '3', NULL, NULL),
(287, '38', '25', '4', NULL, NULL),
(288, '38', '26', '4', NULL, NULL),
(289, '38', '27', '3', NULL, NULL),
(290, '38', '28', '3', NULL, NULL),
(291, '38', '29', '4', NULL, NULL),
(292, '38', '30', '3', NULL, NULL),
(293, '38', '31', '3', NULL, NULL),
(294, '38', '32', '4', NULL, NULL),
(295, '38', '33', '4', NULL, NULL),
(296, '38', '34', '3', NULL, NULL),
(297, '39', '19', '4', NULL, NULL),
(298, '39', '18', '3', NULL, NULL),
(299, '39', '17', '4', NULL, NULL),
(300, '39', '16', '4', NULL, NULL),
(301, '39', '15', '2', NULL, NULL),
(302, '39', '14', '3', NULL, NULL),
(303, '39', '13', '3', NULL, NULL),
(304, '39', '12', '3', NULL, NULL),
(305, '39', '11', '4', NULL, NULL),
(306, '39', '20', '4', NULL, NULL),
(307, '39', '21', '4', NULL, NULL),
(308, '39', '22', '3', NULL, NULL),
(309, '39', '23', '4', NULL, NULL),
(310, '39', '24', '3', NULL, NULL),
(311, '39', '25', '4', NULL, NULL),
(312, '39', '26', '3', NULL, NULL),
(313, '39', '27', '4', NULL, NULL),
(314, '39', '28', '4', NULL, NULL),
(315, '39', '29', '4', NULL, NULL),
(316, '39', '30', '3', NULL, NULL),
(317, '39', '31', '4', NULL, NULL),
(318, '39', '32', '3', NULL, NULL),
(319, '39', '33', '3', NULL, NULL),
(320, '39', '34', '3', NULL, NULL),
(321, '40', '19', '3', NULL, NULL),
(322, '40', '18', '3', NULL, NULL),
(323, '40', '17', '4', NULL, NULL),
(324, '40', '16', '4', NULL, NULL),
(325, '40', '15', '4', NULL, NULL),
(326, '40', '14', '4', NULL, NULL),
(327, '40', '13', '3', NULL, NULL),
(328, '40', '12', '2', NULL, NULL),
(329, '40', '11', '3', NULL, NULL),
(330, '40', '20', '3', NULL, NULL),
(331, '40', '21', '3', NULL, NULL),
(332, '40', '22', '3', NULL, NULL),
(333, '40', '23', '3', NULL, NULL),
(334, '40', '24', '4', NULL, NULL),
(335, '40', '25', '3', NULL, NULL),
(336, '40', '26', '4', NULL, NULL),
(337, '40', '27', '3', NULL, NULL),
(338, '40', '28', '4', NULL, NULL),
(339, '40', '29', '3', NULL, NULL),
(340, '40', '30', '3', NULL, NULL),
(341, '40', '31', '3', NULL, NULL),
(342, '40', '32', '4', NULL, NULL),
(343, '40', '33', '4', NULL, NULL),
(344, '40', '34', '4', NULL, NULL),
(345, '41', '19', '3', NULL, NULL),
(346, '41', '18', '4', NULL, NULL),
(347, '41', '17', '2', NULL, NULL),
(348, '41', '16', '3', NULL, NULL),
(349, '41', '15', '3', NULL, NULL),
(350, '41', '14', '3', NULL, NULL),
(351, '41', '13', '3', NULL, NULL),
(352, '41', '12', '3', NULL, NULL),
(353, '41', '11', '2', NULL, NULL),
(354, '41', '20', '3', NULL, NULL),
(355, '41', '21', '3', NULL, NULL),
(356, '41', '22', '3', NULL, NULL),
(357, '41', '23', '4', NULL, NULL),
(358, '41', '24', '3', NULL, NULL),
(359, '41', '25', '3', NULL, NULL),
(360, '41', '26', '3', NULL, NULL),
(361, '41', '27', '3', NULL, NULL),
(362, '41', '28', '4', NULL, NULL),
(363, '41', '29', '3', NULL, NULL),
(364, '41', '30', '3', NULL, NULL),
(365, '41', '31', '4', NULL, NULL),
(366, '41', '32', '4', NULL, NULL),
(367, '41', '33', '4', NULL, NULL),
(368, '41', '34', '3', NULL, NULL),
(369, '42', '19', '4', NULL, NULL),
(370, '42', '18', '3', NULL, NULL),
(371, '42', '17', '3', NULL, NULL),
(372, '42', '16', '3', NULL, NULL),
(373, '42', '15', '3', NULL, NULL),
(374, '42', '14', '4', NULL, NULL),
(375, '42', '13', '4', NULL, NULL),
(376, '42', '12', '4', NULL, NULL),
(377, '42', '11', '3', NULL, NULL),
(378, '42', '20', '3', NULL, NULL),
(379, '42', '21', '4', NULL, NULL),
(380, '42', '22', '4', NULL, NULL),
(381, '42', '23', '4', NULL, NULL),
(382, '42', '24', '3', NULL, NULL),
(383, '42', '25', '4', NULL, NULL),
(384, '42', '26', '4', NULL, NULL),
(385, '42', '27', '3', NULL, NULL),
(386, '42', '28', '3', NULL, NULL),
(387, '42', '29', '4', NULL, NULL),
(388, '42', '30', '4', NULL, NULL),
(389, '42', '31', '4', NULL, NULL),
(390, '42', '32', '3', NULL, NULL),
(391, '42', '33', '3', NULL, NULL),
(392, '42', '34', '4', NULL, NULL),
(393, '33', '19', '5', NULL, NULL),
(394, '33', '18', '5', NULL, NULL),
(395, '33', '17', '4', NULL, NULL),
(396, '33', '16', '4', NULL, NULL),
(397, '33', '15', '5', NULL, NULL),
(398, '33', '14', '5', NULL, NULL),
(399, '33', '13', '5', NULL, NULL),
(400, '33', '12', '5', NULL, NULL),
(401, '33', '11', '5', NULL, NULL),
(402, '33', '20', '5', NULL, NULL),
(403, '33', '21', '5', NULL, NULL),
(404, '33', '22', '5', NULL, NULL),
(405, '33', '23', '5', NULL, NULL),
(406, '33', '24', '5', NULL, NULL),
(407, '33', '25', '5', NULL, NULL),
(408, '33', '26', '5', NULL, NULL),
(409, '33', '27', '5', NULL, NULL),
(410, '33', '28', '5', NULL, NULL),
(411, '33', '29', '5', NULL, NULL),
(412, '33', '30', '5', NULL, NULL),
(413, '33', '31', '5', NULL, NULL),
(414, '33', '32', '5', NULL, NULL),
(415, '33', '33', '5', NULL, NULL),
(416, '33', '34', '5', NULL, NULL),
(417, '32', '19', '5', NULL, NULL),
(418, '32', '18', '5', NULL, NULL),
(419, '32', '17', '5', NULL, NULL),
(420, '32', '16', '4', NULL, NULL),
(421, '32', '15', '5', NULL, NULL),
(422, '32', '14', '4', NULL, NULL),
(423, '32', '13', '5', NULL, NULL),
(424, '32', '12', '4', NULL, NULL),
(425, '32', '11', '5', NULL, NULL),
(426, '32', '20', '5', NULL, NULL),
(427, '32', '21', '5', NULL, NULL),
(428, '32', '22', '5', NULL, NULL),
(429, '32', '23', '5', NULL, NULL),
(430, '32', '24', '5', NULL, NULL),
(431, '32', '25', '5', NULL, NULL),
(432, '32', '26', '5', NULL, NULL),
(433, '32', '27', '5', NULL, NULL),
(434, '32', '28', '5', NULL, NULL),
(435, '32', '29', '5', NULL, NULL),
(436, '32', '30', '5', NULL, NULL),
(437, '32', '31', '5', NULL, NULL),
(438, '32', '32', '4', NULL, NULL),
(439, '32', '33', '5', NULL, NULL),
(440, '32', '34', '5', NULL, NULL),
(441, '31', '19', '5', NULL, NULL),
(442, '31', '18', '5', NULL, NULL),
(443, '31', '17', '5', NULL, NULL),
(444, '31', '16', '5', NULL, NULL),
(445, '31', '15', '5', NULL, NULL),
(446, '31', '14', '5', NULL, NULL),
(447, '31', '13', '4', NULL, NULL),
(448, '31', '12', '5', NULL, NULL),
(449, '31', '11', '5', NULL, NULL),
(450, '31', '20', '4', NULL, NULL),
(451, '31', '21', '5', NULL, NULL),
(452, '31', '22', '4', NULL, NULL),
(453, '31', '23', '5', NULL, NULL),
(454, '31', '24', '5', NULL, NULL),
(455, '31', '25', '5', NULL, NULL),
(456, '31', '26', '5', NULL, NULL),
(457, '31', '27', '5', NULL, NULL),
(458, '31', '28', '4', NULL, NULL),
(459, '31', '29', '5', NULL, NULL),
(460, '31', '30', '5', NULL, NULL),
(461, '31', '31', '4', NULL, NULL),
(462, '31', '32', '5', NULL, NULL),
(463, '31', '33', '5', NULL, NULL),
(464, '31', '34', '5', NULL, NULL),
(465, '43', '19', '4', NULL, NULL),
(466, '43', '18', '3', NULL, NULL),
(467, '43', '17', '3', NULL, NULL),
(468, '43', '16', '4', NULL, NULL),
(469, '43', '15', '4', NULL, NULL),
(470, '43', '14', '3', NULL, NULL),
(471, '43', '13', '3', NULL, NULL),
(472, '43', '12', '3', NULL, NULL),
(473, '43', '11', '4', NULL, NULL),
(474, '43', '20', '4', NULL, NULL),
(475, '43', '21', '3', NULL, NULL),
(476, '43', '22', '4', NULL, NULL),
(477, '43', '23', '3', NULL, NULL),
(478, '43', '24', '3', NULL, NULL),
(479, '43', '25', '4', NULL, NULL),
(480, '43', '26', '4', NULL, NULL),
(481, '43', '27', '4', NULL, NULL),
(482, '43', '28', '3', NULL, NULL),
(483, '43', '29', '3', NULL, NULL),
(484, '43', '30', '4', NULL, NULL),
(485, '43', '31', '4', NULL, NULL),
(486, '43', '32', '4', NULL, NULL),
(487, '43', '33', '4', NULL, NULL),
(488, '43', '34', '3', NULL, NULL),
(489, '30', '19', '5', NULL, NULL),
(490, '30', '18', '5', NULL, NULL),
(491, '30', '17', '5', NULL, NULL),
(492, '30', '16', '5', NULL, NULL),
(493, '30', '15', '5', NULL, NULL),
(494, '30', '14', '5', NULL, NULL),
(495, '30', '13', '5', NULL, NULL),
(496, '30', '12', '5', NULL, NULL),
(497, '30', '11', '4', NULL, NULL),
(498, '30', '20', '5', NULL, NULL),
(499, '30', '21', '5', NULL, NULL),
(500, '30', '22', '5', NULL, NULL),
(501, '30', '23', '4', NULL, NULL),
(502, '30', '24', '5', NULL, NULL),
(503, '30', '25', '5', NULL, NULL),
(504, '30', '26', '3', NULL, NULL),
(505, '30', '27', '5', NULL, NULL),
(506, '30', '28', '5', NULL, NULL),
(507, '30', '29', '5', NULL, NULL),
(508, '30', '30', '5', NULL, NULL),
(509, '30', '31', '4', NULL, NULL),
(510, '30', '32', '5', NULL, NULL),
(511, '30', '33', '3', NULL, NULL),
(512, '30', '34', '5', NULL, NULL),
(513, '44', '19', '4', NULL, NULL),
(514, '44', '18', '3', NULL, NULL),
(515, '44', '17', '4', NULL, NULL),
(516, '44', '16', '3', NULL, NULL),
(517, '44', '15', '3', NULL, NULL),
(518, '44', '14', '4', NULL, NULL),
(519, '44', '13', '3', NULL, NULL),
(520, '44', '12', '3', NULL, NULL),
(521, '44', '11', '3', NULL, NULL),
(522, '44', '20', '3', NULL, NULL),
(523, '44', '21', '3', NULL, NULL),
(524, '44', '22', '3', NULL, NULL),
(525, '44', '23', '3', NULL, NULL),
(526, '44', '24', '4', NULL, NULL),
(527, '44', '25', '4', NULL, NULL),
(528, '44', '26', '4', NULL, NULL),
(529, '44', '27', '4', NULL, NULL),
(530, '44', '28', '3', NULL, NULL),
(531, '44', '29', '4', NULL, NULL),
(532, '44', '30', '3', NULL, NULL),
(533, '44', '31', '3', NULL, NULL),
(534, '44', '32', '3', NULL, NULL),
(535, '44', '33', '3', NULL, NULL),
(536, '44', '34', '4', NULL, NULL),
(537, '49', '19', '5', NULL, NULL),
(538, '49', '18', '5', NULL, NULL),
(539, '49', '17', '5', NULL, NULL),
(540, '49', '16', '5', NULL, NULL),
(541, '49', '15', '5', NULL, NULL),
(542, '49', '14', '5', NULL, NULL),
(543, '49', '13', '5', NULL, NULL),
(544, '49', '12', '5', NULL, NULL),
(545, '49', '11', '5', NULL, NULL),
(546, '49', '20', '5', NULL, NULL),
(547, '49', '21', '5', NULL, NULL),
(548, '49', '22', '5', NULL, NULL),
(549, '49', '23', '5', NULL, NULL),
(550, '49', '24', '5', NULL, NULL),
(551, '49', '25', '4', NULL, NULL),
(552, '49', '26', '5', NULL, NULL),
(553, '49', '27', '5', NULL, NULL),
(554, '49', '28', '5', NULL, NULL),
(555, '49', '29', '5', NULL, NULL),
(556, '49', '30', '5', NULL, NULL),
(557, '49', '31', '5', NULL, NULL),
(558, '49', '32', '5', NULL, NULL),
(559, '49', '33', '5', NULL, NULL),
(560, '49', '34', '5', NULL, NULL),
(561, '50', '19', '5', NULL, NULL),
(562, '50', '18', '5', NULL, NULL),
(563, '50', '17', '5', NULL, NULL),
(564, '50', '16', '4', NULL, NULL),
(565, '50', '15', '4', NULL, NULL),
(566, '50', '14', '4', NULL, NULL),
(567, '50', '13', '5', NULL, NULL),
(568, '50', '12', '5', NULL, NULL),
(569, '50', '11', '4', NULL, NULL),
(570, '50', '20', '5', NULL, NULL),
(571, '50', '21', '5', NULL, NULL),
(572, '50', '22', '4', NULL, NULL),
(573, '50', '23', '5', NULL, NULL),
(574, '50', '24', '3', NULL, NULL),
(575, '50', '25', '5', NULL, NULL),
(576, '50', '26', '5', NULL, NULL),
(577, '50', '27', '4', NULL, NULL),
(578, '50', '28', '5', NULL, NULL),
(579, '50', '29', '5', NULL, NULL),
(580, '50', '30', '5', NULL, NULL),
(581, '50', '31', '5', NULL, NULL),
(582, '50', '32', '5', NULL, NULL),
(583, '50', '33', '5', NULL, NULL),
(584, '50', '34', '5', NULL, NULL),
(585, '51', '19', '5', NULL, NULL),
(586, '51', '18', '5', NULL, NULL),
(587, '51', '17', '5', NULL, NULL),
(588, '51', '16', '5', NULL, NULL),
(589, '51', '15', '5', NULL, NULL),
(590, '51', '14', '5', NULL, NULL),
(591, '51', '13', '5', NULL, NULL),
(592, '51', '12', '5', NULL, NULL),
(593, '51', '11', '5', NULL, NULL),
(594, '51', '20', '5', NULL, NULL),
(595, '51', '21', '5', NULL, NULL),
(596, '51', '22', '5', NULL, NULL),
(597, '51', '23', '5', NULL, NULL),
(598, '51', '24', '5', NULL, NULL),
(599, '51', '25', '5', NULL, NULL),
(600, '51', '26', '5', NULL, NULL),
(601, '51', '27', '5', NULL, NULL),
(602, '51', '28', '5', NULL, NULL),
(603, '51', '29', '5', NULL, NULL),
(604, '51', '30', '5', NULL, NULL),
(605, '51', '31', '5', NULL, NULL),
(606, '51', '32', '5', NULL, NULL),
(607, '51', '33', '5', NULL, NULL),
(608, '51', '34', '5', NULL, NULL),
(609, '52', '19', '5', NULL, NULL),
(610, '52', '18', '5', NULL, NULL),
(611, '52', '17', '5', NULL, NULL),
(612, '52', '16', '5', NULL, NULL),
(613, '52', '15', '5', NULL, NULL),
(614, '52', '14', '4', NULL, NULL),
(615, '52', '13', '4', NULL, NULL),
(616, '52', '12', '4', NULL, NULL),
(617, '52', '11', '3', NULL, NULL),
(618, '52', '20', '4', NULL, NULL),
(619, '52', '21', '5', NULL, NULL),
(620, '52', '22', '5', NULL, NULL),
(621, '52', '23', '5', NULL, NULL),
(622, '52', '24', '5', NULL, NULL),
(623, '52', '25', '5', NULL, NULL),
(624, '52', '26', '5', NULL, NULL),
(625, '52', '27', '5', NULL, NULL),
(626, '52', '28', '5', NULL, NULL),
(627, '52', '29', '5', NULL, NULL),
(628, '52', '30', '5', NULL, NULL),
(629, '52', '31', '5', NULL, NULL),
(630, '52', '32', '5', NULL, NULL),
(631, '52', '33', '5', NULL, NULL),
(632, '52', '34', '5', NULL, NULL),
(633, '53', '19', '5', NULL, NULL),
(634, '53', '18', '5', NULL, NULL),
(635, '53', '17', '5', NULL, NULL),
(636, '53', '16', '5', NULL, NULL),
(637, '53', '15', '5', NULL, NULL),
(638, '53', '14', '5', NULL, NULL),
(639, '53', '13', '5', NULL, NULL),
(640, '53', '12', '5', NULL, NULL),
(641, '53', '11', '5', NULL, NULL),
(642, '53', '20', '5', NULL, NULL),
(643, '53', '21', '5', NULL, NULL),
(644, '53', '22', '5', NULL, NULL),
(645, '53', '23', '5', NULL, NULL),
(646, '53', '24', '5', NULL, NULL),
(647, '53', '25', '4', NULL, NULL),
(648, '53', '26', '5', NULL, NULL),
(649, '53', '27', '5', NULL, NULL),
(650, '53', '28', '4', NULL, NULL),
(651, '53', '29', '5', NULL, NULL),
(652, '53', '30', '5', NULL, NULL),
(653, '53', '31', '5', NULL, NULL),
(654, '53', '32', '5', NULL, NULL),
(655, '53', '33', '5', NULL, NULL),
(656, '53', '34', '5', NULL, NULL),
(657, '54', '19', '4', NULL, NULL),
(658, '54', '18', '4', NULL, NULL),
(659, '54', '17', '5', NULL, NULL),
(660, '54', '16', '5', NULL, NULL),
(661, '54', '15', '4', NULL, NULL),
(662, '54', '14', '5', NULL, NULL),
(663, '54', '13', '4', NULL, NULL),
(664, '54', '12', '5', NULL, NULL),
(665, '54', '11', '4', NULL, NULL),
(666, '54', '20', '4', NULL, NULL),
(667, '54', '21', '5', NULL, NULL),
(668, '54', '22', '5', NULL, NULL),
(669, '54', '23', '5', NULL, NULL),
(670, '54', '24', '5', NULL, NULL),
(671, '54', '25', '5', NULL, NULL),
(672, '54', '26', '3', NULL, NULL),
(673, '54', '27', '5', NULL, NULL),
(674, '54', '28', '3', NULL, NULL),
(675, '54', '29', '5', NULL, NULL),
(676, '54', '30', '5', NULL, NULL),
(677, '54', '31', '5', NULL, NULL),
(678, '54', '32', '5', NULL, NULL),
(679, '54', '33', '5', NULL, NULL),
(680, '54', '34', '5', NULL, NULL),
(681, '55', '19', '5', NULL, NULL),
(682, '55', '18', '5', NULL, NULL),
(683, '55', '17', '5', NULL, NULL),
(684, '55', '16', '5', NULL, NULL),
(685, '55', '15', '5', NULL, NULL),
(686, '55', '14', '5', NULL, NULL),
(687, '55', '13', '5', NULL, NULL),
(688, '55', '12', '5', NULL, NULL),
(689, '55', '11', '5', NULL, NULL),
(690, '55', '20', '5', NULL, NULL),
(691, '55', '21', '4', NULL, NULL),
(692, '55', '22', '4', NULL, NULL),
(693, '55', '23', '4', NULL, NULL),
(694, '55', '24', '5', NULL, NULL),
(695, '55', '25', '5', NULL, NULL),
(696, '55', '26', '5', NULL, NULL),
(697, '55', '27', '4', NULL, NULL),
(698, '55', '28', '5', NULL, NULL),
(699, '55', '29', '4', NULL, NULL),
(700, '55', '30', '5', NULL, NULL),
(701, '55', '31', '4', NULL, NULL),
(702, '55', '32', '5', NULL, NULL),
(703, '55', '33', '4', NULL, NULL),
(704, '55', '34', '5', NULL, NULL),
(705, '56', '19', '5', NULL, NULL),
(706, '56', '18', '5', NULL, NULL),
(707, '56', '17', '5', NULL, NULL),
(708, '56', '16', '5', NULL, NULL),
(709, '56', '15', '5', NULL, NULL),
(710, '56', '14', '4', NULL, NULL),
(711, '56', '13', '4', NULL, NULL),
(712, '56', '12', '5', NULL, NULL),
(713, '56', '11', '5', NULL, NULL),
(714, '56', '20', '5', NULL, NULL),
(715, '56', '21', '5', NULL, NULL),
(716, '56', '22', '3', NULL, NULL),
(717, '56', '23', '3', NULL, NULL),
(718, '56', '24', '5', NULL, NULL),
(719, '56', '25', '5', NULL, NULL),
(720, '56', '26', '5', NULL, NULL),
(721, '56', '27', '5', NULL, NULL),
(722, '56', '28', '5', NULL, NULL),
(723, '56', '29', '4', NULL, NULL),
(724, '56', '30', '5', NULL, NULL),
(725, '56', '31', '5', NULL, NULL),
(726, '56', '32', '5', NULL, NULL),
(727, '56', '33', '5', NULL, NULL),
(728, '56', '34', '5', NULL, NULL),
(729, '57', '19', '4', NULL, NULL),
(730, '57', '18', '4', NULL, NULL),
(731, '57', '17', '4', NULL, NULL),
(732, '57', '16', '5', NULL, NULL),
(733, '57', '15', '5', NULL, NULL),
(734, '57', '14', '3', NULL, NULL),
(735, '57', '13', '5', NULL, NULL),
(736, '57', '12', '5', NULL, NULL),
(737, '57', '11', '4', NULL, NULL),
(738, '57', '20', '5', NULL, NULL),
(739, '57', '21', '3', NULL, NULL),
(740, '57', '22', '5', NULL, NULL),
(741, '57', '23', '3', NULL, NULL),
(742, '57', '24', '5', NULL, NULL),
(743, '57', '25', '5', NULL, NULL),
(744, '57', '26', '5', NULL, NULL),
(745, '57', '27', '5', NULL, NULL),
(746, '57', '28', '5', NULL, NULL),
(747, '57', '29', '5', NULL, NULL),
(748, '57', '30', '5', NULL, NULL),
(749, '57', '31', '5', NULL, NULL),
(750, '57', '32', '5', NULL, NULL),
(751, '57', '33', '5', NULL, NULL),
(752, '57', '34', '5', NULL, NULL),
(753, '45', '19', '4', NULL, NULL),
(754, '45', '18', '3', NULL, NULL),
(755, '45', '17', '4', NULL, NULL),
(756, '45', '16', '4', NULL, NULL),
(757, '45', '15', '3', NULL, NULL),
(758, '45', '14', '2', NULL, NULL),
(759, '45', '13', '4', NULL, NULL),
(760, '45', '12', '4', NULL, NULL),
(761, '45', '11', '3', NULL, NULL),
(762, '45', '20', '4', NULL, NULL),
(763, '45', '21', '3', NULL, NULL),
(764, '45', '22', '4', NULL, NULL),
(765, '45', '23', '4', NULL, NULL),
(766, '45', '24', '3', NULL, NULL),
(767, '45', '25', '3', NULL, NULL),
(768, '45', '26', '4', NULL, NULL),
(769, '45', '27', '3', NULL, NULL),
(770, '45', '28', '4', NULL, NULL),
(771, '45', '29', '3', NULL, NULL),
(772, '45', '30', '4', NULL, NULL),
(773, '45', '31', '4', NULL, NULL),
(774, '45', '32', '4', NULL, NULL),
(775, '45', '33', '4', NULL, NULL),
(776, '45', '34', '3', NULL, NULL),
(777, '45', '35', '4', NULL, NULL),
(778, '48', '35', '5', NULL, NULL),
(779, '48', '35', '5', NULL, NULL),
(780, '48', '35', '5', NULL, NULL),
(781, '47', '35', '5', NULL, NULL),
(782, '46', '35', '5', NULL, NULL),
(783, '44', '35', '5', NULL, NULL),
(784, '43', '35', '5', NULL, NULL),
(785, '43', '35', '5', NULL, NULL),
(786, '42', '35', '5', NULL, NULL),
(787, '41', '35', '5', NULL, NULL),
(788, '40', '35', '5', NULL, NULL),
(789, '39', '35', '5', NULL, NULL),
(790, '38', '35', '5', NULL, NULL),
(791, '37', '35', '5', NULL, NULL),
(792, '36', '35', '5', NULL, NULL),
(793, '35', '35', '5', NULL, NULL),
(794, '34', '35', '5', NULL, NULL),
(795, '33', '35', '5', NULL, NULL),
(796, '32', '35', '5', NULL, NULL),
(797, '57', '35', '5', NULL, NULL),
(798, '56', '35', '5', NULL, NULL),
(799, '55', '35', '5', NULL, NULL),
(800, '54', '35', '5', NULL, NULL),
(801, '53', '35', '5', NULL, NULL),
(802, '52', '35', '5', NULL, NULL),
(803, '51', '35', '5', NULL, NULL),
(804, '50', '35', '5', NULL, NULL),
(805, '49', '35', '5', NULL, NULL),
(806, '30', '35', '5', NULL, NULL),
(807, '31', '35', '5', NULL, NULL);

-- --------------------------------------------------------

--
-- Table structure for table `users`
--

CREATE TABLE `users` (
  `id` bigint(20) UNSIGNED NOT NULL,
  `name` varchar(191) NOT NULL,
  `username` varchar(50) NOT NULL,
  `password` varchar(191) NOT NULL,
  `created_at` timestamp NULL DEFAULT NULL,
  `updated_at` timestamp NULL DEFAULT NULL
) ENGINE=MyISAM DEFAULT CHARSET=utf8mb4 COLLATE=utf8mb4_unicode_ci;

--
-- Dumping data for table `users`
--

INSERT INTO `users` (`id`, `name`, `username`, `password`, `created_at`, `updated_at`) VALUES
(1, 'Admin', 'admin', '$2y$10$MwD35Z31dLt3Oinr7IyDEewjDm3bTYPZVOW8E6Wci.5L.bfqLBSlC', '2023-08-08 11:07:46', NULL);

--
-- Indexes for dumped tables
--

--
-- Indexes for table `guru`
--
ALTER TABLE `guru`
  ADD PRIMARY KEY (`id`);

--
-- Indexes for table `kriteria`
--
ALTER TABLE `kriteria`
  ADD PRIMARY KEY (`id`);

--
-- Indexes for table `migrations`
--
ALTER TABLE `migrations`
  ADD PRIMARY KEY (`id`);

--
-- Indexes for table `personal_access_tokens`
--
ALTER TABLE `personal_access_tokens`
  ADD PRIMARY KEY (`id`),
  ADD UNIQUE KEY `personal_access_tokens_token_unique` (`token`),
  ADD KEY `personal_access_tokens_tokenable_type_tokenable_id_index` (`tokenable_type`,`tokenable_id`);

--
-- Indexes for table `responden`
--
ALTER TABLE `responden`
  ADD PRIMARY KEY (`id`);

--
-- Indexes for table `users`
--
ALTER TABLE `users`
  ADD PRIMARY KEY (`id`),
  ADD UNIQUE KEY `users_username_unique` (`username`);

--
-- AUTO_INCREMENT for dumped tables
--

--
-- AUTO_INCREMENT for table `guru`
--
ALTER TABLE `guru`
  MODIFY `id` bigint(20) UNSIGNED NOT NULL AUTO_INCREMENT, AUTO_INCREMENT=62;

--
-- AUTO_INCREMENT for table `kriteria`
--
ALTER TABLE `kriteria`
  MODIFY `id` bigint(20) UNSIGNED NOT NULL AUTO_INCREMENT, AUTO_INCREMENT=37;

--
-- AUTO_INCREMENT for table `migrations`
--
ALTER TABLE `migrations`
  MODIFY `id` int(10) UNSIGNED NOT NULL AUTO_INCREMENT, AUTO_INCREMENT=6;

--
-- AUTO_INCREMENT for table `personal_access_tokens`
--
ALTER TABLE `personal_access_tokens`
  MODIFY `id` bigint(20) UNSIGNED NOT NULL AUTO_INCREMENT;

--
-- AUTO_INCREMENT for table `responden`
--
ALTER TABLE `responden`
  MODIFY `id` bigint(20) UNSIGNED NOT NULL AUTO_INCREMENT, AUTO_INCREMENT=808;

--
-- AUTO_INCREMENT for table `users`
--
ALTER TABLE `users`
  MODIFY `id` bigint(20) UNSIGNED NOT NULL AUTO_INCREMENT, AUTO_INCREMENT=2;
COMMIT;

/*!40101 SET CHARACTER_SET_CLIENT=@OLD_CHARACTER_SET_CLIENT */;
/*!40101 SET CHARACTER_SET_RESULTS=@OLD_CHARACTER_SET_RESULTS */;
/*!40101 SET COLLATION_CONNECTION=@OLD_COLLATION_CONNECTION */;
